working_day,hour,observed_hours,mean_rentals,mean_registered,mean_casual
0,0,230,90.8,74.15,16.65
0,1,230,69.51,57.0,12.5
0,2,228,53.17,42.77,10.4
0,3,227,25.78,19.32,6.45
0,4,227,8.26,6.0,2.26
0,5,222,8.69,6.96,1.73
0,6,229,18.74,14.92,3.82
0,7,231,43.41,34.8,8.61
0,8,231,105.65,85.23,20.42
0,9,231,171.62,126.61,45.02
0,10,231,255.91,176.64,79.27
0,11,231,315.32,208.66,106.65
0,12,231,366.26,240.01,126.25
0,13,231,372.73,236.31,136.42
0,14,231,364.65,225.05,139.59
0,15,231,358.81,222.31,136.5
0,16,231,352.73,224.11,128.61
0,17,231,323.55,211.74,111.81
0,18,230,281.06,196.83,84.22
0,19,230,231.67,166.13,65.55
0,20,230,174.74,127.97,46.77
0,21,230,142.06,105.91,36.15
0,22,230,116.06,88.0,28.06
0,23,230,85.93,66.79,19.14
1,0,496,36.79,29.64,7.15
1,1,494,16.55,12.84,3.71
1,2,487,8.68,6.55,2.14
1,3,470,4.94,4.03,0.91
1,4,470,5.43,4.66,0.77
1,5,495,24.91,23.64,1.27
1,6,496,102.5,98.18,4.32
1,7,496,290.61,278.42,12.2
1,8,496,477.01,454.74,22.26
1,9,496,241.52,217.21,24.31
1,10,496,135.37,104.16,31.21
1,11,496,158.23,120.63,37.6
1,12,497,200.82,159.46,41.36
1,13,498,198.43,155.86,42.57
1,14,498,183.57,137.7,45.87
1,15,498,201.33,155.0,46.33
1,16,499,293.12,244.78,48.34
1,17,499,525.29,468.39,56.9
1,18,498,492.23,441.78,50.45
1,19,498,348.4,307.38,41.02
1,20,498,249.72,218.35,31.37
1,21,498,186.29,161.68,24.61
1,22,498,138.39,118.82,19.57
1,23,498,88.71,75.33,13.38
